Pair combination	Frequency
('GTAGCGTA', 'CGATCGAT')	71
('GTAGCGTA', 'GATCAAGG')	94
('GTAGCGTA', 'AACAGCGA')	146
('GTAGCGTA', 'TAGCCATG')	101
('GTAGCGTA', 'CGGTAATC')	58
('GTAGCGTA', 'CTCTGGAT')	346
('GTAGCGTA', 'TACCGGAT')	743
('GTAGCGTA', 'CTAGCTCA')	333
('GTAGCGTA', 'CACTTCAC')	45
('GTAGCGTA', 'GCTACTCT')	902
('GTAGCGTA', 'ACGATCAG')	429
('GTAGCGTA', 'TATGGCAC')	139
('GTAGCGTA', 'TGTTCCGT')	216
('GTAGCGTA', 'GTCCTAAG')	146
('GTAGCGTA', 'TCGACAAG')	39
('GTAGCGTA', 'TCTTCGAC')	452
('GTAGCGTA', 'ATCATGCG')	137
('GTAGCGTA', 'ATCGTGGT')	122
('GTAGCGTA', 'TCGAGAGT')	374
('GTAGCGTA', 'TCGGATTC')	62
('GTAGCGTA', 'GATCTTGC')	56
('GTAGCGTA', 'AGAGTCCA')	230
('GTAGCGTA', 'AGGATAGC')	124
('CGATCGAT', 'GTAGCGTA')	86
('CGATCGAT', 'GATCAAGG')	68
('CGATCGAT', 'AACAGCGA')	68
('CGATCGAT', 'TAGCCATG')	120
('CGATCGAT', 'CGGTAATC')	90
('CGATCGAT', 'CTCTGGAT')	536
('CGATCGAT', 'TACCGGAT')	949
('CGATCGAT', 'CTAGCTCA')	187
('CGATCGAT', 'CACTTCAC')	56
('CGATCGAT', 'GCTACTCT')	91
('CGATCGAT', 'ACGATCAG')	130
('CGATCGAT', 'TATGGCAC')	93
('CGATCGAT', 'TGTTCCGT')	243
('CGATCGAT', 'GTCCTAAG')	93
('CGATCGAT', 'TCGACAAG')	53
('CGATCGAT', 'TCTTCGAC')	524
('CGATCGAT', 'ATCATGCG')	93
('CGATCGAT', 'ATCGTGGT')	70
('CGATCGAT', 'TCGAGAGT')	134
('CGATCGAT', 'TCGGATTC')	59
('CGATCGAT', 'GATCTTGC')	62
('CGATCGAT', 'AGAGTCCA')	113
('CGATCGAT', 'AGGATAGC')	163
('GATCAAGG', 'GTAGCGTA')	84
('GATCAAGG', 'CGATCGAT')	65
('GATCAAGG', 'AACAGCGA')	60
('GATCAAGG', 'TAGCCATG')	100
('GATCAAGG', 'CGGTAATC')	29
('GATCAAGG', 'CTCTGGAT')	229
('GATCAAGG', 'TACCGGAT')	498
('GATCAAGG', 'CTAGCTCA')	101
('GATCAAGG', 'CACTTCAC')	24
('GATCAAGG', 'GCTACTCT')	68
('GATCAAGG', 'ACGATCAG')	221
('GATCAAGG', 'TATGGCAC')	80
('GATCAAGG', 'TGTTCCGT')	128
('GATCAAGG', 'GTCCTAAG')	133
('GATCAAGG', 'TCGACAAG')	51
('GATCAAGG', 'TCTTCGAC')	8799
('GATCAAGG', 'ATCATGCG')	98
('GATCAAGG', 'ATCGTGGT')	207
('GATCAAGG', 'TCGAGAGT')	88
('GATCAAGG', 'TCGGATTC')	32
('GATCAAGG', 'GATCTTGC')	74
('GATCAAGG', 'AGAGTCCA')	64
('GATCAAGG', 'AGGATAGC')	85
('AACAGCGA', 'GTAGCGTA')	194
('AACAGCGA', 'CGATCGAT')	158
('AACAGCGA', 'GATCAAGG')	145
('AACAGCGA', 'TAGCCATG')	138
('AACAGCGA', 'CGGTAATC')	64
('AACAGCGA', 'CTCTGGAT')	486
('AACAGCGA', 'TACCGGAT')	922
('AACAGCGA', 'CTAGCTCA')	251
('AACAGCGA', 'CACTTCAC')	54
('AACAGCGA', 'GCTACTCT')	93
('AACAGCGA', 'ACGATCAG')	212
('AACAGCGA', 'TATGGCAC')	192
('AACAGCGA', 'TGTTCCGT')	214
('AACAGCGA', 'GTCCTAAG')	129
('AACAGCGA', 'TCGACAAG')	50
('AACAGCGA', 'TCTTCGAC')	974
('AACAGCGA', 'ATCATGCG')	241
('AACAGCGA', 'ATCGTGGT')	177
('AACAGCGA', 'TCGAGAGT')	160
('AACAGCGA', 'TCGGATTC')	193
('AACAGCGA', 'GATCTTGC')	353
('AACAGCGA', 'AGAGTCCA')	212
('AACAGCGA', 'AGGATAGC')	209
('TAGCCATG', 'GTAGCGTA')	105
('TAGCCATG', 'CGATCGAT')	49
('TAGCCATG', 'GATCAAGG')	144
('TAGCCATG', 'AACAGCGA')	75
('TAGCCATG', 'CGGTAATC')	49
('TAGCCATG', 'CTCTGGAT')	392
('TAGCCATG', 'TACCGGAT')	835
('TAGCCATG', 'CTAGCTCA')	212
('TAGCCATG', 'CACTTCAC')	103
('TAGCCATG', 'GCTACTCT')	55
('TAGCCATG', 'ACGATCAG')	176
('TAGCCATG', 'TATGGCAC')	179
('TAGCCATG', 'TGTTCCGT')	190
('TAGCCATG', 'GTCCTAAG')	185
('TAGCCATG', 'TCGACAAG')	86
('TAGCCATG', 'TCTTCGAC')	475
('TAGCCATG', 'ATCATGCG')	173
('TAGCCATG', 'ATCGTGGT')	83
('TAGCCATG', 'TCGAGAGT')	134
('TAGCCATG', 'TCGGATTC')	69
('TAGCCATG', 'GATCTTGC')	60
('TAGCCATG', 'AGAGTCCA')	141
('TAGCCATG', 'AGGATAGC')	117
('CGGTAATC', 'GTAGCGTA')	54
('CGGTAATC', 'CGATCGAT')	74
('CGGTAATC', 'GATCAAGG')	53
('CGGTAATC', 'AACAGCGA')	35
('CGGTAATC', 'TAGCCATG')	134
('CGGTAATC', 'CTCTGGAT')	232
('CGGTAATC', 'TACCGGAT')	3614
('CGGTAATC', 'CTAGCTCA')	114
('CGGTAATC', 'CACTTCAC')	65
('CGGTAATC', 'GCTACTCT')	35
('CGGTAATC', 'ACGATCAG')	52
('CGGTAATC', 'TATGGCAC')	90
('CGGTAATC', 'TGTTCCGT')	90
('CGGTAATC', 'GTCCTAAG')	43
('CGGTAATC', 'TCGACAAG')	25
('CGGTAATC', 'TCTTCGAC')	440
('CGGTAATC', 'ATCATGCG')	52
('CGGTAATC', 'ATCGTGGT')	155
('CGGTAATC', 'TCGAGAGT')	68
('CGGTAATC', 'TCGGATTC')	62
('CGGTAATC', 'GATCTTGC')	46
('CGGTAATC', 'AGAGTCCA')	40
('CGGTAATC', 'AGGATAGC')	97
('CTCTGGAT', 'GTAGCGTA')	521
('CTCTGGAT', 'CGATCGAT')	872
('CTCTGGAT', 'GATCAAGG')	352
('CTCTGGAT', 'AACAGCGA')	426
('CTCTGGAT', 'TAGCCATG')	556
('CTCTGGAT', 'CGGTAATC')	384
('CTCTGGAT', 'TACCGGAT')	5463
('CTCTGGAT', 'CTAGCTCA')	1348
('CTCTGGAT', 'CACTTCAC')	275
('CTCTGGAT', 'GCTACTCT')	1390
('CTCTGGAT', 'ACGATCAG')	532
('CTCTGGAT', 'TATGGCAC')	762
('CTCTGGAT', 'TGTTCCGT')	1088
('CTCTGGAT', 'GTCCTAAG')	505
('CTCTGGAT', 'TCGACAAG')	250
('CTCTGGAT', 'TCTTCGAC')	2604
('CTCTGGAT', 'ATCATGCG')	508
('CTCTGGAT', 'ATCGTGGT')	426
('CTCTGGAT', 'TCGAGAGT')	1111
('CTCTGGAT', 'TCGGATTC')	378
('CTCTGGAT', 'GATCTTGC')	291
('CTCTGGAT', 'AGAGTCCA')	916
('CTCTGGAT', 'AGGATAGC')	461
('TACCGGAT', 'GTAGCGTA')	856
('TACCGGAT', 'CGATCGAT')	898
('TACCGGAT', 'GATCAAGG')	821
('TACCGGAT', 'AACAGCGA')	846
('TACCGGAT', 'TAGCCATG')	1829
('TACCGGAT', 'CGGTAATC')	1526
('TACCGGAT', 'CTCTGGAT')	5609
('TACCGGAT', 'CTAGCTCA')	2021
('TACCGGAT', 'CACTTCAC')	552
('TACCGGAT', 'GCTACTCT')	713
('TACCGGAT', 'ACGATCAG')	1029
('TACCGGAT', 'TATGGCAC')	1792
('TACCGGAT', 'TGTTCCGT')	2298
('TACCGGAT', 'GTCCTAAG')	926
('TACCGGAT', 'TCGACAAG')	486
('TACCGGAT', 'TCTTCGAC')	5563
('TACCGGAT', 'ATCATGCG')	955
('TACCGGAT', 'ATCGTGGT')	954
('TACCGGAT', 'TCGAGAGT')	1639
('TACCGGAT', 'TCGGATTC')	656
('TACCGGAT', 'GATCTTGC')	525
('TACCGGAT', 'AGAGTCCA')	1088
('TACCGGAT', 'AGGATAGC')	1020
('CTAGCTCA', 'GTAGCGTA')	572
('CTAGCTCA', 'CGATCGAT')	201
('CTAGCTCA', 'GATCAAGG')	197
('CTAGCTCA', 'AACAGCGA')	242
('CTAGCTCA', 'TAGCCATG')	317
('CTAGCTCA', 'CGGTAATC')	143
('CTAGCTCA', 'CTCTGGAT')	1904
('CTAGCTCA', 'TACCGGAT')	1742
('CTAGCTCA', 'CACTTCAC')	114
('CTAGCTCA', 'GCTACTCT')	923
('CTAGCTCA', 'ACGATCAG')	336
('CTAGCTCA', 'TATGGCAC')	330
('CTAGCTCA', 'TGTTCCGT')	377
('CTAGCTCA', 'GTCCTAAG')	240
('CTAGCTCA', 'TCGACAAG')	8656
('CTAGCTCA', 'TCTTCGAC')	954
('CTAGCTCA', 'ATCATGCG')	1078
('CTAGCTCA', 'ATCGTGGT')	215
('CTAGCTCA', 'TCGAGAGT')	522
('CTAGCTCA', 'TCGGATTC')	166
('CTAGCTCA', 'GATCTTGC')	151
('CTAGCTCA', 'AGAGTCCA')	437
('CTAGCTCA', 'AGGATAGC')	207
('CACTTCAC', 'GTAGCGTA')	51
('CACTTCAC', 'CGATCGAT')	68
('CACTTCAC', 'GATCAAGG')	39
('CACTTCAC', 'AACAGCGA')	34
('CACTTCAC', 'TAGCCATG')	1930
('CACTTCAC', 'CGGTAATC')	89
('CACTTCAC', 'CTCTGGAT')	269
('CACTTCAC', 'TACCGGAT')	380
('CACTTCAC', 'CTAGCTCA')	124
('CACTTCAC', 'GCTACTCT')	29
('CACTTCAC', 'ACGATCAG')	167
('CACTTCAC', 'TATGGCAC')	164
('CACTTCAC', 'TGTTCCGT')	108
('CACTTCAC', 'GTCCTAAG')	40
('CACTTCAC', 'TCGACAAG')	25
('CACTTCAC', 'TCTTCGAC')	388
('CACTTCAC', 'ATCATGCG')	60
('CACTTCAC', 'ATCGTGGT')	46
('CACTTCAC', 'TCGAGAGT')	53
('CACTTCAC', 'TCGGATTC')	72
('CACTTCAC', 'GATCTTGC')	40
('CACTTCAC', 'AGAGTCCA')	56
('CACTTCAC', 'AGGATAGC')	90
('GCTACTCT', 'GTAGCGTA')	320
('GCTACTCT', 'CGATCGAT')	85
('GCTACTCT', 'GATCAAGG')	80
('GCTACTCT', 'AACAGCGA')	100
('GCTACTCT', 'TAGCCATG')	93
('GCTACTCT', 'CGGTAATC')	46
('GCTACTCT', 'CTCTGGAT')	505
('GCTACTCT', 'TACCGGAT')	698
('GCTACTCT', 'CTAGCTCA')	270
('GCTACTCT', 'CACTTCAC')	27
('GCTACTCT', 'ACGATCAG')	163
('GCTACTCT', 'TATGGCAC')	124
('GCTACTCT', 'TGTTCCGT')	228
('GCTACTCT', 'GTCCTAAG')	94
('GCTACTCT', 'TCGACAAG')	27
('GCTACTCT', 'TCTTCGAC')	379
('GCTACTCT', 'ATCATGCG')	111
('GCTACTCT', 'ATCGTGGT')	79
('GCTACTCT', 'TCGAGAGT')	168
('GCTACTCT', 'TCGGATTC')	53
('GCTACTCT', 'GATCTTGC')	74
('GCTACTCT', 'AGAGTCCA')	199
('GCTACTCT', 'AGGATAGC')	75
('ACGATCAG', 'GTAGCGTA')	118
('ACGATCAG', 'CGATCGAT')	162
('ACGATCAG', 'GATCAAGG')	130
('ACGATCAG', 'AACAGCGA')	97
('ACGATCAG', 'TAGCCATG')	203
('ACGATCAG', 'CGGTAATC')	82
('ACGATCAG', 'CTCTGGAT')	383
('ACGATCAG', 'TACCGGAT')	823
('ACGATCAG', 'CTAGCTCA')	207
('ACGATCAG', 'CACTTCAC')	74
('ACGATCAG', 'GCTACTCT')	114
('ACGATCAG', 'TATGGCAC')	171
('ACGATCAG', 'TGTTCCGT')	200
('ACGATCAG', 'GTCCTAAG')	183
('ACGATCAG', 'TCGACAAG')	154
('ACGATCAG', 'TCTTCGAC')	471
('ACGATCAG', 'ATCATGCG')	213
('ACGATCAG', 'ATCGTGGT')	106
('ACGATCAG', 'TCGAGAGT')	205
('ACGATCAG', 'TCGGATTC')	66
('ACGATCAG', 'GATCTTGC')	60
('ACGATCAG', 'AGAGTCCA')	186
('ACGATCAG', 'AGGATAGC')	154
('TATGGCAC', 'GTAGCGTA')	143
('TATGGCAC', 'CGATCGAT')	112
('TATGGCAC', 'GATCAAGG')	129
('TATGGCAC', 'AACAGCGA')	301
('TATGGCAC', 'TAGCCATG')	208
('TATGGCAC', 'CGGTAATC')	126
('TATGGCAC', 'CTCTGGAT')	669
('TATGGCAC', 'TACCGGAT')	1887
('TATGGCAC', 'CTAGCTCA')	296
('TATGGCAC', 'CACTTCAC')	203
('TATGGCAC', 'GCTACTCT')	103
('TATGGCAC', 'ACGATCAG')	216
('TATGGCAC', 'TGTTCCGT')	58741
('TATGGCAC', 'GTCCTAAG')	324
('TATGGCAC', 'TCGACAAG')	94
('TATGGCAC', 'TCTTCGAC')	1827
('TATGGCAC', 'ATCATGCG')	204
('TATGGCAC', 'ATCGTGGT')	136
('TATGGCAC', 'TCGAGAGT')	433
('TATGGCAC', 'TCGGATTC')	543
('TATGGCAC', 'GATCTTGC')	160
('TATGGCAC', 'AGAGTCCA')	163
('TATGGCAC', 'AGGATAGC')	258
('TGTTCCGT', 'GTAGCGTA')	217
('TGTTCCGT', 'CGATCGAT')	240
('TGTTCCGT', 'GATCAAGG')	145
('TGTTCCGT', 'AACAGCGA')	432
('TGTTCCGT', 'TAGCCATG')	225
('TGTTCCGT', 'CGGTAATC')	77
('TGTTCCGT', 'CTCTGGAT')	849
('TGTTCCGT', 'TACCGGAT')	1956
('TGTTCCGT', 'CTAGCTCA')	376
('TGTTCCGT', 'CACTTCAC')	119
('TGTTCCGT', 'GCTACTCT')	178
('TGTTCCGT', 'ACGATCAG')	227
('TGTTCCGT', 'TATGGCAC')	58569
('TGTTCCGT', 'GTCCTAAG')	159
('TGTTCCGT', 'TCGACAAG')	103
('TGTTCCGT', 'TCTTCGAC')	1104
('TGTTCCGT', 'ATCATGCG')	303
('TGTTCCGT', 'ATCGTGGT')	207
('TGTTCCGT', 'TCGAGAGT')	404
('TGTTCCGT', 'TCGGATTC')	480
('TGTTCCGT', 'GATCTTGC')	175
('TGTTCCGT', 'AGAGTCCA')	350
('TGTTCCGT', 'AGGATAGC')	207
('GTCCTAAG', 'GTAGCGTA')	142
('GTCCTAAG', 'CGATCGAT')	107
('GTCCTAAG', 'GATCAAGG')	180
('GTCCTAAG', 'AACAGCGA')	189
('GTCCTAAG', 'TAGCCATG')	170
('GTCCTAAG', 'CGGTAATC')	59
('GTCCTAAG', 'CTCTGGAT')	395
('GTCCTAAG', 'TACCGGAT')	838
('GTCCTAAG', 'CTAGCTCA')	180
('GTCCTAAG', 'CACTTCAC')	43
('GTCCTAAG', 'GCTACTCT')	100
('GTCCTAAG', 'ACGATCAG')	160
('GTCCTAAG', 'TATGGCAC')	4557
('GTCCTAAG', 'TGTTCCGT')	453
('GTCCTAAG', 'TCGACAAG')	89
('GTCCTAAG', 'TCTTCGAC')	468
('GTCCTAAG', 'ATCATGCG')	161
('GTCCTAAG', 'ATCGTGGT')	83
('GTCCTAAG', 'TCGAGAGT')	136
('GTCCTAAG', 'TCGGATTC')	143
('GTCCTAAG', 'GATCTTGC')	85
('GTCCTAAG', 'AGAGTCCA')	122
('GTCCTAAG', 'AGGATAGC')	108
('TCGACAAG', 'GTAGCGTA')	44
('TCGACAAG', 'CGATCGAT')	39
('TCGACAAG', 'GATCAAGG')	52
('TCGACAAG', 'AACAGCGA')	37
('TCGACAAG', 'TAGCCATG')	110
('TCGACAAG', 'CGGTAATC')	18
('TCGACAAG', 'CTCTGGAT')	174
('TCGACAAG', 'TACCGGAT')	281
('TCGACAAG', 'CTAGCTCA')	90
('TCGACAAG', 'CACTTCAC')	15
('TCGACAAG', 'GCTACTCT')	39
('TCGACAAG', 'ACGATCAG')	110
('TCGACAAG', 'TATGGCAC')	59
('TCGACAAG', 'TGTTCCGT')	73
('TCGACAAG', 'GTCCTAAG')	102
('TCGACAAG', 'TCTTCGAC')	227
('TCGACAAG', 'ATCATGCG')	5838
('TCGACAAG', 'ATCGTGGT')	38
('TCGACAAG', 'TCGAGAGT')	107
('TCGACAAG', 'TCGGATTC')	40
('TCGACAAG', 'GATCTTGC')	25
('TCGACAAG', 'AGAGTCCA')	50
('TCGACAAG', 'AGGATAGC')	68
('TCTTCGAC', 'GTAGCGTA')	508
('TCTTCGAC', 'CGATCGAT')	525
('TCTTCGAC', 'GATCAAGG')	986
('TCTTCGAC', 'AACAGCGA')	361
('TCTTCGAC', 'TAGCCATG')	648
('TCTTCGAC', 'CGGTAATC')	504
('TCTTCGAC', 'CTCTGGAT')	2510
('TCTTCGAC', 'TACCGGAT')	4133
('TCTTCGAC', 'CTAGCTCA')	1081
('TCTTCGAC', 'CACTTCAC')	389
('TCTTCGAC', 'GCTACTCT')	472
('TCTTCGAC', 'ACGATCAG')	693
('TCTTCGAC', 'TATGGCAC')	1256
('TCTTCGAC', 'TGTTCCGT')	1271
('TCTTCGAC', 'GTCCTAAG')	507
('TCTTCGAC', 'TCGACAAG')	360
('TCTTCGAC', 'ATCATGCG')	580
('TCTTCGAC', 'ATCGTGGT')	3037
('TCTTCGAC', 'TCGAGAGT')	1091
('TCTTCGAC', 'TCGGATTC')	644
('TCTTCGAC', 'GATCTTGC')	496
('TCTTCGAC', 'AGAGTCCA')	566
('TCTTCGAC', 'AGGATAGC')	856
('ATCATGCG', 'GTAGCGTA')	111
('ATCATGCG', 'CGATCGAT')	88
('ATCATGCG', 'GATCAAGG')	200
('ATCATGCG', 'AACAGCGA')	196
('ATCATGCG', 'TAGCCATG')	345
('ATCATGCG', 'CGGTAATC')	72
('ATCATGCG', 'CTCTGGAT')	518
('ATCATGCG', 'TACCGGAT')	858
('ATCATGCG', 'CTAGCTCA')	269
('ATCATGCG', 'CACTTCAC')	67
('ATCATGCG', 'GCTACTCT')	125
('ATCATGCG', 'ACGATCAG')	334
('ATCATGCG', 'TATGGCAC')	389
('ATCATGCG', 'TGTTCCGT')	265
('ATCATGCG', 'GTCCTAAG')	245
('ATCATGCG', 'TCGACAAG')	140
('ATCATGCG', 'TCTTCGAC')	660
('ATCATGCG', 'ATCGTGGT')	172
('ATCATGCG', 'TCGAGAGT')	172
('ATCATGCG', 'TCGGATTC')	69
('ATCATGCG', 'GATCTTGC')	103
('ATCATGCG', 'AGAGTCCA')	206
('ATCATGCG', 'AGGATAGC')	233
('ATCGTGGT', 'GTAGCGTA')	99
('ATCGTGGT', 'CGATCGAT')	91
('ATCGTGGT', 'GATCAAGG')	356
('ATCGTGGT', 'AACAGCGA')	78
('ATCGTGGT', 'TAGCCATG')	91
('ATCGTGGT', 'CGGTAATC')	67
('ATCGTGGT', 'CTCTGGAT')	444
('ATCGTGGT', 'TACCGGAT')	761
('ATCGTGGT', 'CTAGCTCA')	164
('ATCGTGGT', 'CACTTCAC')	23
('ATCGTGGT', 'GCTACTCT')	76
('ATCGTGGT', 'ACGATCAG')	136
('ATCGTGGT', 'TATGGCAC')	128
('ATCGTGGT', 'TGTTCCGT')	146
('ATCGTGGT', 'GTCCTAAG')	56
('ATCGTGGT', 'TCGACAAG')	46
('ATCGTGGT', 'TCTTCGAC')	620
('ATCGTGGT', 'ATCATGCG')	121
('ATCGTGGT', 'TCGAGAGT')	198
('ATCGTGGT', 'TCGGATTC')	54
('ATCGTGGT', 'GATCTTGC')	54
('ATCGTGGT', 'AGAGTCCA')	125
('ATCGTGGT', 'AGGATAGC')	113
('TCGAGAGT', 'GTAGCGTA')	156
('TCGAGAGT', 'CGATCGAT')	137
('TCGAGAGT', 'GATCAAGG')	101
('TCGAGAGT', 'AACAGCGA')	129
('TCGAGAGT', 'TAGCCATG')	139
('TCGAGAGT', 'CGGTAATC')	87
('TCGAGAGT', 'CTCTGGAT')	774
('TCGAGAGT', 'TACCGGAT')	1333
('TCGAGAGT', 'CTAGCTCA')	310
('TCGAGAGT', 'CACTTCAC')	50
('TCGAGAGT', 'GCTACTCT')	258
('TCGAGAGT', 'ACGATCAG')	275
('TCGAGAGT', 'TATGGCAC')	185
('TCGAGAGT', 'TGTTCCGT')	388
('TCGAGAGT', 'GTCCTAAG')	143
('TCGAGAGT', 'TCGACAAG')	107
('TCGAGAGT', 'TCTTCGAC')	703
('TCGAGAGT', 'ATCATGCG')	146
('TCGAGAGT', 'ATCGTGGT')	206
('TCGAGAGT', 'TCGGATTC')	155
('TCGAGAGT', 'GATCTTGC')	78
('TCGAGAGT', 'AGAGTCCA')	161
('TCGAGAGT', 'AGGATAGC')	199
('TCGGATTC', 'GTAGCGTA')	40
('TCGGATTC', 'CGATCGAT')	129
('TCGGATTC', 'GATCAAGG')	48
('TCGGATTC', 'AACAGCGA')	502
('TCGGATTC', 'TAGCCATG')	48
('TCGGATTC', 'CGGTAATC')	47
('TCGGATTC', 'CTCTGGAT')	252
('TCGGATTC', 'TACCGGAT')	380
('TCGGATTC', 'CTAGCTCA')	116
('TCGGATTC', 'CACTTCAC')	46
('TCGGATTC', 'GCTACTCT')	33
('TCGGATTC', 'ACGATCAG')	73
('TCGGATTC', 'TATGGCAC')	167
('TCGGATTC', 'TGTTCCGT')	99
('TCGGATTC', 'GTCCTAAG')	46
('TCGGATTC', 'TCGACAAG')	23
('TCGGATTC', 'TCTTCGAC')	385
('TCGGATTC', 'ATCATGCG')	67
('TCGGATTC', 'ATCGTGGT')	42
('TCGGATTC', 'TCGAGAGT')	70
('TCGGATTC', 'GATCTTGC')	141
('TCGGATTC', 'AGAGTCCA')	66
('TCGGATTC', 'AGGATAGC')	89
('GATCTTGC', 'GTAGCGTA')	63
('GATCTTGC', 'CGATCGAT')	104
('GATCTTGC', 'GATCAAGG')	59
('GATCTTGC', 'AACAGCGA')	68
('GATCTTGC', 'TAGCCATG')	44
('GATCTTGC', 'CGGTAATC')	40
('GATCTTGC', 'CTCTGGAT')	166
('GATCTTGC', 'TACCGGAT')	305
('GATCTTGC', 'CTAGCTCA')	85
('GATCTTGC', 'CACTTCAC')	38
('GATCTTGC', 'GCTACTCT')	52
('GATCTTGC', 'ACGATCAG')	61
('GATCTTGC', 'TATGGCAC')	115
('GATCTTGC', 'TGTTCCGT')	72
('GATCTTGC', 'GTCCTAAG')	67
('GATCTTGC', 'TCGACAAG')	17
('GATCTTGC', 'TCTTCGAC')	293
('GATCTTGC', 'ATCATGCG')	89
('GATCTTGC', 'ATCGTGGT')	31
('GATCTTGC', 'TCGAGAGT')	57
('GATCTTGC', 'TCGGATTC')	30
('GATCTTGC', 'AGAGTCCA')	70
('GATCTTGC', 'AGGATAGC')	177
('AGAGTCCA', 'GTAGCGTA')	605
('AGAGTCCA', 'CGATCGAT')	110
('AGAGTCCA', 'GATCAAGG')	84
('AGAGTCCA', 'AACAGCGA')	207
('AGAGTCCA', 'TAGCCATG')	136
('AGAGTCCA', 'CGGTAATC')	65
('AGAGTCCA', 'CTCTGGAT')	402
('AGAGTCCA', 'TACCGGAT')	909
('AGAGTCCA', 'CTAGCTCA')	422
('AGAGTCCA', 'CACTTCAC')	53
('AGAGTCCA', 'GCTACTCT')	127
('AGAGTCCA', 'ACGATCAG')	251
('AGAGTCCA', 'TATGGCAC')	184
('AGAGTCCA', 'TGTTCCGT')	275
('AGAGTCCA', 'GTCCTAAG')	103
('AGAGTCCA', 'TCGACAAG')	46
('AGAGTCCA', 'TCTTCGAC')	528
('AGAGTCCA', 'ATCATGCG')	167
('AGAGTCCA', 'ATCGTGGT')	126
('AGAGTCCA', 'TCGAGAGT')	479
('AGAGTCCA', 'TCGGATTC')	80
('AGAGTCCA', 'GATCTTGC')	72
('AGAGTCCA', 'AGGATAGC')	157
('AGGATAGC', 'GTAGCGTA')	389
('AGGATAGC', 'CGATCGAT')	109
('AGGATAGC', 'GATCAAGG')	65
('AGGATAGC', 'AACAGCGA')	117
('AGGATAGC', 'TAGCCATG')	92
('AGGATAGC', 'CGGTAATC')	64
('AGGATAGC', 'CTCTGGAT')	300
('AGGATAGC', 'TACCGGAT')	623
('AGGATAGC', 'CTAGCTCA')	187
('AGGATAGC', 'CACTTCAC')	127
('AGGATAGC', 'GCTACTCT')	160
('AGGATAGC', 'ACGATCAG')	205
('AGGATAGC', 'TATGGCAC')	207
('AGGATAGC', 'TGTTCCGT')	198
('AGGATAGC', 'GTCCTAAG')	78
('AGGATAGC', 'TCGACAAG')	47
('AGGATAGC', 'TCTTCGAC')	629
('AGGATAGC', 'ATCATGCG')	200
('AGGATAGC', 'ATCGTGGT')	75
('AGGATAGC', 'TCGAGAGT')	145
('AGGATAGC', 'TCGGATTC')	104
('AGGATAGC', 'GATCTTGC')	252
('AGGATAGC', 'AGAGTCCA')	173
